<?xml version="1.0"?>
<doc>
    <assembly>
        <name>LabSOM2D</name>
    </assembly>
    <members>
        <member name="F:LabSOM2D.AboutBoxLB.components">
            <summary>
            Required designer variable.
            </summary>
        </member>
        <member name="M:LabSOM2D.AboutBoxLB.Dispose(System.Boolean)">
            <summary>
            Clean up any resources being used.
            </summary>
        </member>
        <member name="M:LabSOM2D.AboutBoxLB.InitializeComponent">
            <summary>
            Required method for Designer support - do not modify
            the contents of this method with the code editor.
            </summary>
        </member>
        <member name="T:LabSOM2D.Controls.crtlSOM">
            <summary>
            
            </summary>
        </member>
        <member name="M:LabSOM2D.Controls.crtlSOM.#ctor">
            <summary>
            
            </summary>
        </member>
        <member name="M:LabSOM2D.Controls.crtlSOM.#ctor(System.String)">
            <summary>
            
            </summary>
        </member>
        <member name="M:LabSOM2D.Controls.crtlSOM.cargarMAtriz(System.String)">
            <summary>
            
            </summary>
            <param name="fileName"></param>
        </member>
        <member name="M:LabSOM2D.Controls.crtlSOM.loadLabels(System.String)">
            <summary>
            
            </summary>
            <param name="fileName"></param>
        </member>
        <member name="P:LabSOM2D.Controls.crtlSOM.CtrlSOM2D">
            <summary>
            
            </summary>
        </member>
        <member name="M:LabSOM2D.Controls.crtlSOM.setPoints(System.Double[][])">
            <summary>
            
            </summary>
            <param name="X"></param>
        </member>
        <member name="M:LabSOM2D.Controls.crtlSOM.getImages">
            <summary>
            
            </summary>
            <returns></returns>
        </member>
        <member name="M:LabSOM2D.Controls.crtlSOM.getPoints">
            <summary>
            
            </summary>
            <returns></returns>
        </member>
        <member name="M:LabSOM2D.Controls.crtlSOM.getNet">
            <summary>
            
            </summary>
            <returns></returns>
        </member>
        <member name="M:LabSOM2D.Controls.crtlSOM.setNet(SOM.NET.Net)">
            <summary>
            
            </summary>
            <param name="somNet"></param>
        </member>
        <member name="M:LabSOM2D.Controls.crtlSOM.selectTab(System.Int32)">
            <summary>
            
            </summary>
            <param name="s"></param>
        </member>
        <member name="F:LabSOM2D.Controls.crtlSOM.components">
            <summary> 
            Required designer variable.
            </summary>
        </member>
        <member name="M:LabSOM2D.Controls.crtlSOM.Dispose(System.Boolean)">
            <summary> 
            Clean up any resources being used.
            </summary>
            <param name="disposing">true if managed resources should be disposed; otherwise, false.</param>
        </member>
        <member name="M:LabSOM2D.Controls.crtlSOM.InitializeComponent">
            <summary> 
            Required method for Designer support - do not modify 
            the contents of this method with the code editor.
            </summary>
        </member>
        <member name="F:LabSOM2D.Controls.crtlSOMG.Name">
            <summary>
            Nombre del control y los datos que contiene el control
            </summary>
        </member>
        <member name="F:LabSOM2D.Controls.crtlSOMG.somTrainer">
            <summary>
            La clase entrenadora
            </summary>
        </member>
        <member name="F:LabSOM2D.Controls.crtlSOMG.samples">
            <summary>
            Numero de ejemplos(datos) que se prensentan a la red antees de volverla
            a dibujar
            </summary>
        </member>
        <member name="F:LabSOM2D.Controls.crtlSOMG.coordToGraph">
            <summary>
            Las coordenadas que hay que graficar de los datos n dimencionales 
            </summary>
        </member>
        <member name="F:LabSOM2D.Controls.crtlSOMG.cc">
            <summary>
            Cluster collection
            </summary>
        </member>
        <member name="P:LabSOM2D.Controls.crtlSOMG.ShowClusteringContours">
            <summary>
            Sets or gets the show Clustering Contours propertie
            </summary>
        </member>
        <member name="M:LabSOM2D.Controls.crtlSOMG.getVQE">
            <summary>
            Returns the Quantization Error
            </summary>
            <returns></returns>
        </member>
        <member name="M:LabSOM2D.Controls.crtlSOMG.getNet">
            <summary>
            Returns de Net
            </summary>
            <returns></returns>
        </member>
        <member name="P:LabSOM2D.Controls.crtlSOMG.SharedData">
            <summary>
            La red
            </summary>
        </member>
        <member name="P:LabSOM2D.Controls.crtlSOMG.Data">
            <summary>
            The X
            </summary>
        </member>
        <member name="M:LabSOM2D.Controls.crtlSOMG.toolStripButton2_Click(System.Object,System.EventArgs)">
            <summary>
            Contininuing training
            </summary>
            <param name="sender"></param>
            <param name="e"></param>
        </member>
        <member name="M:LabSOM2D.Controls.crtlSOMG.setIter">
            <summary>
            This method sincronize the iterations
            </summary>
        </member>
        <member name="M:LabSOM2D.Controls.crtlSOMG.generateLabels(System.Int32)">
            <summary>
            Generate Labels for components
            </summary>
            <param name="NoLabels">Number </param>
            <returns></returns>
        </member>
        <member name="M:LabSOM2D.Controls.crtlSOMG.loadLabels(System.String)">
            <summary>
            
            </summary>
            <param name="fileName"></param>
        </member>
        <member name="M:LabSOM2D.Controls.crtlSOMG.mapDataAsLabels">
            <summary>
            Mapea los datos para que sean visibles en los mapas.
            </summary>
        </member>
        <member name="M:LabSOM2D.Controls.crtlSOMG.loadTrainedVEctors(System.String)">
            <summary>
            Load trained vectors
            </summary>
            <param name="fileName"></param>
        </member>
        <member name="M:LabSOM2D.Controls.crtlSOMG.agregaComponentesDPF">
            <summary>
            Add the maps of the components
            </summary>
        </member>
        <member name="M:LabSOM2D.Controls.crtlSOMG.getImages">
            <summary>
            Devuelve las imagenes de la Red entrenada + EQ + UM + componentes
            </summary>
            <returns></returns>
        </member>
        <!-- Badly formed XML comment ignored for member "M:LabSOM2D.Controls.crtlSOMG.drawPointsND" -->
        <member name="M:LabSOM2D.Controls.crtlSOMG.findTheMean">
            <summary>
            Ecuentra el centroide
            </summary>
            <returns></returns>
        </member>
        <member name="M:LabSOM2D.Controls.crtlSOMG.bringAllClustering">
            <summary>
            
            </summary>
            <returns></returns>
        </member>
        <member name="P:LabSOM2D.Controls.crtlSOMG.LearnedClustering">
            <summary>
            Metodo para accesar al clustering mientras se guarda o abre un proyecto
            </summary>
        </member>
        <member name="M:LabSOM2D.Controls.crtlSOMG.tabControlClusteringMaps_SelectedIndexChanged(System.Object,System.EventArgs)">
            <summary>
            
            </summary>
            <param name="sender"></param>
            <param name="e"></param>
        </member>
        <member name="F:LabSOM2D.Controls.crtlSOMG.minComp">
            <summary>
            Mínimo de cada componente
            </summary>
        </member>
        <member name="F:LabSOM2D.Controls.crtlSOMG.maxComp">
            <summary>
            Máximo de cada componente
            </summary>
        </member>
        <member name="M:LabSOM2D.Controls.crtlSOMG.jaccardIndexNormalizationOnCoocurrenceData">
            <summary>
            Normalización Jaccard para matrices de coocurrencia
            </summary>
        </member>
        <member name="M:LabSOM2D.Controls.crtlSOMG.getMaxsTemporalData(System.Double[][])">
            <summary>
            Devuelve los maximos de cada renglón
            </summary>
            <param name="normalizedTemp"></param>
            <returns></returns>
        </member>
        <member name="M:LabSOM2D.Controls.crtlSOMG.toolStripButton2_Click_1(System.Object,System.EventArgs)">
            <summary>
            squared matrix of distances
            </summary>
            <param name="sender"></param>
            <param name="e"></param>
        </member>
        <member name="F:LabSOM2D.Controls.crtlSOMG.components">
            <summary> 
            Required designer variable.
            </summary>
        </member>
        <member name="M:LabSOM2D.Controls.crtlSOMG.Dispose(System.Boolean)">
            <summary> 
            Clean up any resources being used.
            </summary>
            <param name="disposing">true if managed resources should be disposed; otherwise, false.</param>
        </member>
        <member name="M:LabSOM2D.Controls.crtlSOMG.InitializeComponent">
            <summary> 
            Required method for Designer support - do not modify 
            the contents of this method with the code editor.
            </summary>
        </member>
        <member name="F:LabSOM2D.Controls.UCtrlMeSHSelector.nodosMeSH">
            <summary>
            Nodos que se
            </summary>
        </member>
        <member name="F:LabSOM2D.Controls.UCtrlMeSHSelector.numberOfChecked">
            <summary>
            para saber cuantos nodos se han chequeado
            </summary>
        </member>
        <member name="F:LabSOM2D.Controls.UCtrlMeSHSelector.MeSHFilled">
            <summary>
            Si ya ha sido llenado el arbol
            </summary>
        </member>
        <member name="P:LabSOM2D.Controls.UCtrlMeSHSelector.Renglones">
            <summary>
            Devuelve la lista de terminos seleccionados para ser renglones
            </summary>
        </member>
        <member name="P:LabSOM2D.Controls.UCtrlMeSHSelector.Columnas">
            <summary>
            Devuelve la lista de terminos seleccionados para ser columnas
            </summary>
        </member>
        <member name="M:LabSOM2D.Controls.UCtrlMeSHSelector.loadCategories(System.Object,System.EventArgs)">
            <summary>
            Loads the categories.
            </summary>
            <param name="sender">The sender.</param>
            <param name="e">The <see cref="T:System.EventArgs"/> instance containing the event data.</param>
        </member>
        <member name="M:LabSOM2D.Controls.UCtrlMeSHSelector.read(System.String)">
            <summary>
            Lee un archivo y lo devuelve como un string
            </summary>
            <param name="fileName"></param>
            <returns></returns>
        </member>
        <member name="M:LabSOM2D.Controls.UCtrlMeSHSelector.fillCategories(System.String)">
            <summary>
            Fill the categories at the tree
            </summary>
            <param name="categories">The categories as in the file</param>		
        </member>
        <member name="M:LabSOM2D.Controls.UCtrlMeSHSelector.loadTree(System.Object,System.EventArgs)">
            <summary>
            Loads the tree.
            </summary>
            <param name="sender">The sender.</param>
            <param name="e">The <see cref="T:System.EventArgs"/> instance containing the event data.</param>
        </member>
        <member name="M:LabSOM2D.Controls.UCtrlMeSHSelector.fillTree(System.String)">
            <summary>
            Toma el archivo del arbol y lo mete al treeView.
            </summary>
            <param name="tree">El archivo de texto</param>
        </member>
        <member name="M:LabSOM2D.Controls.UCtrlMeSHSelector.addMeSH(System.String)">
            <summary>
            Adds me SH.
            </summary>
            <param name="MeSH">Me SH.</param>
        </member>
        <member name="M:LabSOM2D.Controls.UCtrlMeSHSelector.removeMeSH(System.String)">
            <summary>
            Removes me SH.
            </summary>
            <param name="MeSH">Me SH.</param>
        </member>
        <member name="F:LabSOM2D.Controls.UCtrlMeSHSelector.components">
            <summary> 
            Required designer variable.
            </summary>
        </member>
        <member name="M:LabSOM2D.Controls.UCtrlMeSHSelector.Dispose(System.Boolean)">
            <summary> 
            Clean up any resources being used.
            </summary>
            <param name="disposing">true if managed resources should be disposed; otherwise, false.</param>
        </member>
        <member name="M:LabSOM2D.Controls.UCtrlMeSHSelector.InitializeComponent">
            <summary> 
            Required method for Designer support - do not modify 
            the contents of this method with the code editor.
            </summary>
        </member>
        <member name="M:LabSOM2D.Controls.UCtrPanelComponentesWPF.#ctor(SOM.NET.Net,System.Double[][])">
            <summary>
            Initializes a new instance of the <see cref="!:usrCtrlMaps"/> class.
            </summary>
            <param name="data">The data.</param>
            <param name="net_">The net_.</param>
        </member>
        <member name="M:LabSOM2D.Controls.UCtrPanelComponentesWPF.drawComponents(SOM.NET.Net,System.Double[][])">
            <summary>
            Draws the components.
            </summary>
            <param name="Snet">The snet.</param>
        </member>
        <member name="M:LabSOM2D.Controls.UCtrPanelComponentesWPF.drawComponents(SOM.NET.Net,System.Int32,System.Int32,System.Double[][])">
            <summary>
            Draws the components.
            </summary>
            <param name="Snet">The snet.</param>
        </member>
        <member name="M:LabSOM2D.Controls.UCtrPanelComponentesWPF.drawMaximaComponents(SOM.NET.Net,System.Double[][])">
            <summary>
            Draws the components.
            </summary>
            <param name="Snet">The snet.</param>
        </member>
        <member name="M:LabSOM2D.Controls.UCtrPanelComponentesWPF.drawLabels(System.Boolean,ComponentesGraficosWPF.Labels.MapedLabels)">
            <summary>
            
            </summary>
            <param name="drawC"></param>
        </member>
        <member name="M:LabSOM2D.Controls.UCtrPanelComponentesWPF.updateLabelProperties">
            <summary>
            
            </summary>
            <param name="drawC"></param>
        </member>
        <member name="M:LabSOM2D.Controls.UCtrPanelComponentesWPF.drawYearsLabels(System.Boolean)">
            <summary>
            
            </summary>
            <param name="drawC"></param>
        </member>
        <member name="M:LabSOM2D.Controls.UCtrPanelComponentesWPF.AddComponentWPFMap(System.String,System.Int32,System.Int32,System.Double[][],System.Double[][])">
            <summary>
            
            </summary>
            <param name="nombreComponente"></param>
            <param name="ancho"></param>
            <param name="alto"></param>
            <param name="valores"></param>
        </member>
        <member name="M:LabSOM2D.Controls.UCtrPanelComponentesWPF.getComponentValuesM(System.Int32)">
            <summary>
            Gets the component color M.
            </summary>
            <returns></returns>
        </member>
        <member name="M:LabSOM2D.Controls.UCtrPanelComponentesWPF.getComponentValuesM(SOM.NET.Net,System.Int32)">
            <summary>
            Gets the component color M.
            </summary>
            <returns></returns>
        </member>
        <member name="M:LabSOM2D.Controls.UCtrPanelComponentesWPF.getMaximaComponentValuesM(System.Int32)">
            <summary>
            Gets the maximun component in the voronoi set
            </summary>
            <returns></returns>
        </member>
        <member name="M:LabSOM2D.Controls.UCtrPanelComponentesWPF.clearComponents">
            <summary>
            Limpia el control
            </summary>
        </member>
        <member name="M:LabSOM2D.Controls.UCtrPanelComponentesWPF.clearCrossThreadComponents">
            <summary>
            Clears the cross thread components.
            </summary>
        </member>
        <member name="F:LabSOM2D.Controls.UCtrPanelComponentesWPF.components">
            <summary> 
            Required designer variable.
            </summary>
        </member>
        <member name="M:LabSOM2D.Controls.UCtrPanelComponentesWPF.Dispose(System.Boolean)">
            <summary> 
            Clean up any resources being used.
            </summary>
            <param name="disposing">true if managed resources should be disposed; otherwise, false.</param>
        </member>
        <member name="M:LabSOM2D.Controls.UCtrPanelComponentesWPF.InitializeComponent">
            <summary> 
            Required method for Designer support - do not modify 
            the contents of this method with the code editor.
            </summary>
        </member>
        <member name="M:LabSOM2D.Controls.UCtrPanelMapasWPF.#ctor(SOM.NET.Net,SOMViBlioSOM.DistanciaMD.DistanciaMD,System.Double[][],SOM.NET.Mapas.Mapas)">
            <summary>
            Initializes a new instance of the <see cref="!:usrCtrlMaps"/> class.
            </summary>
            <param name="data">The data.</param>
            <param name="net_">The net_.</param>
            <param name="dis">Tipo de distancia</param>
        </member>
        <member name="M:LabSOM2D.Controls.UCtrPanelMapasWPF.drawLabels(System.Boolean,ComponentesGraficosWPF.Labels.MapedLabels)">
            <summary>
            
            </summary>
            <param name="drawC"></param>
        </member>
        <member name="M:LabSOM2D.Controls.UCtrPanelMapasWPF.drawMaps(SOM.NET.Net,SOMViBlioSOM.DistanciaMD.DistanciaMD,System.Double[][],SOM.NET.Mapas.Mapas)">
            <summary>
            Draws the components.
            </summary>
            <param name="Snet">The snet.</param>
        </member>
        <member name="M:LabSOM2D.Controls.UCtrPanelMapasWPF.agregaMapaColores">
            <summary>
            
            </summary>
        </member>
        <member name="M:LabSOM2D.Controls.UCtrPanelMapasWPF.clearComponents">
            <summary>
            Limpia el control
            </summary>
        </member>
        <member name="M:LabSOM2D.Controls.UCtrPanelMapasWPF.clearCrossThreadComponents">
            <summary>
            Clears the cross thread components.
            </summary>
        </member>
        <member name="M:LabSOM2D.Controls.UCtrPanelMapasWPF.ClearMaps">
            <summary>
            
            </summary>
        </member>
        <member name="M:LabSOM2D.Controls.UCtrPanelMapasWPF.selectClusterColor(System.Int32)">
            <summary>
            Select color
            </summary>
            <param name="cluster"></param>
        </member>
        <member name="F:LabSOM2D.Controls.UCtrPanelMapasWPF.components">
            <summary> 
            Required designer variable.
            </summary>
        </member>
        <member name="M:LabSOM2D.Controls.UCtrPanelMapasWPF.Dispose(System.Boolean)">
            <summary> 
            Clean up any resources being used.
            </summary>
            <param name="disposing">true if managed resources should be disposed; otherwise, false.</param>
        </member>
        <member name="M:LabSOM2D.Controls.UCtrPanelMapasWPF.InitializeComponent">
            <summary> 
            Required method for Designer support - do not modify 
            the contents of this method with the code editor.
            </summary>
        </member>
        <member name="F:LabSOM2D.Controls.crtlCuadractic.components">
            <summary> 
            Required designer variable.
            </summary>
        </member>
        <member name="M:LabSOM2D.Controls.crtlCuadractic.Dispose(System.Boolean)">
            <summary> 
            Clean up any resources being used.
            </summary>
            <param name="disposing">true if managed resources should be disposed; otherwise, false.</param>
        </member>
        <member name="M:LabSOM2D.Controls.crtlCuadractic.InitializeComponent">
            <summary> 
            Required method for Designer support - do not modify 
            the contents of this method with the code editor.
            </summary>
        </member>
        <member name="F:LabSOM2D.Controls.usrCtrlViBlioSOMAlg.components">
            <summary> 
            Required designer variable.
            </summary>
        </member>
        <member name="M:LabSOM2D.Controls.usrCtrlViBlioSOMAlg.Dispose(System.Boolean)">
            <summary> 
            Clean up any resources being used.
            </summary>
            <param name="disposing">true if managed resources should be disposed; otherwise, false.</param>
        </member>
        <member name="M:LabSOM2D.Controls.usrCtrlViBlioSOMAlg.InitializeComponent">
            <summary> 
            Required method for Designer support - do not modify 
            the contents of this method with the code editor.
            </summary>
        </member>
        <member name="E:LabSOM2D.Controls.UCtrlTextDataImporter.Changed">
            <summary>
            Evento para avisar que ya termino
            </summary>
        </member>
        <member name="M:LabSOM2D.Controls.UCtrlTextDataImporter.btnLoadFile_Click(System.Object,System.EventArgs)">
            <summary>
            Evento de clic en el boton para abrir el archivo
            </summary>
            <param name="sender"></param>
            <param name="e"></param>
        </member>
        <member name="M:LabSOM2D.Controls.UCtrlTextDataImporter.readFilePreview">
            <summary>
            Lee las primeras 10 lineas del archivo 
            </summary>
            <param name="fileName"></param>
        </member>
        <member name="M:LabSOM2D.Controls.UCtrlTextDataImporter.readFileToEnd(System.String)">
            <summary>
            Leer el archivo completo y meterlo en el grid
            </summary>
            <param name="fileName"></param>
        </member>
        <member name="M:LabSOM2D.Controls.UCtrlTextDataImporter.extractDataAndLabels(System.Collections.ArrayList)">
            <summary>
            
            </summary>
            <param name="listaDatos">Lista de arreglos string[]. Cada elemento es un renglon del archivo txt</param>
        </member>
        <member name="M:LabSOM2D.Controls.UCtrlTextDataImporter.exctractColumnsNames(System.Int32,System.Int32,System.Collections.ArrayList)">
            <summary>
            
            </summary>
            <param name="fromColumn"></param>
            <param name="toColumn"></param>
            <param name="listaDatos">Lista de arreglos string[]. Cada elemento es un renglon del archivo txt</param>
        </member>
        <member name="M:LabSOM2D.Controls.UCtrlTextDataImporter.extractData(System.Int32,System.Int32,System.Int32,System.Collections.ArrayList)">
            <summary>
            
            </summary>
            <param name="fromColumn"></param>
            <param name="toColumn"></param>
            <param name="fromRow"></param>
            <param name="listaDatos">Lista de arreglos string[]. Cada elemento es un renglon del archivo txt</param>
        </member>
        <member name="M:LabSOM2D.Controls.UCtrlTextDataImporter.btnPreview_Click(System.Object,System.EventArgs)">
            <summary>
            Crear renglones con el separador especificado
            </summary>
            <param name="sender"></param>
            <param name="e"></param>
        </member>
        <member name="F:LabSOM2D.Controls.UCtrlTextDataImporter.minComp">
            <summary>
            Mínimo de cada componente
            </summary>
        </member>
        <member name="F:LabSOM2D.Controls.UCtrlTextDataImporter.maxComp">
            <summary>
            Máximo de cada componente
            </summary>
        </member>
        <member name="F:LabSOM2D.Controls.UCtrlTextDataImporter.components">
            <summary> 
            Variable del diseñador requerida.
            </summary>
        </member>
        <member name="M:LabSOM2D.Controls.UCtrlTextDataImporter.Dispose(System.Boolean)">
            <summary> 
            Limpiar los recursos que se estén utilizando.
            </summary>
            <param name="disposing">true si los recursos administrados se deben eliminar; false en caso contrario, false.</param>
        </member>
        <member name="M:LabSOM2D.Controls.UCtrlTextDataImporter.InitializeComponent">
            <summary> 
            Método necesario para admitir el Diseñador. No se puede modificar 
            el contenido del método con el editor de código.
            </summary>
        </member>
        <member name="T:LabSOM2D.Forms.FormTemnporalPrep">
            <summary>
            Temporalr extraction fromn incite trend data
            </summary>
        </member>
        <member name="F:LabSOM2D.Forms.FormTemnporalPrep.dataD">
            <summary>
            Diagonal matrix
            </summary>
        </member>
        <member name="F:LabSOM2D.Forms.FormTemnporalPrep.dataP">
            <summary>
            Random walk matrix
            </summary>
        </member>
        <member name="M:LabSOM2D.Forms.FormTemnporalPrep.#ctor">
            <summary>
            Constructor
            </summary>
        </member>
        <member name="M:LabSOM2D.Forms.FormTemnporalPrep.checkRLoaded">
            <summary>
            Verify if R was loaded
            </summary>
            <returns></returns>
        </member>
        <member name="M:LabSOM2D.Forms.FormTemnporalPrep.makeSimilarityMatrix">
            <summary>
            Makes the similarity matrix with the selected distance
            </summary>
        </member>
        <member name="F:LabSOM2D.Forms.FormTemnporalPrep.components">
            <summary>
            Required designer variable.
            </summary>
        </member>
        <member name="M:LabSOM2D.Forms.FormTemnporalPrep.Dispose(System.Boolean)">
            <summary>
            Clean up any resources being used.
            </summary>
            <param name="disposing">true if managed resources should be disposed; otherwise, false.</param>
        </member>
        <member name="M:LabSOM2D.Forms.FormTemnporalPrep.InitializeComponent">
            <summary>
            Required method for Designer support - do not modify
            the contents of this method with the code editor.
            </summary>
        </member>
        <member name="F:LabSOM2D.Forms.frmChangeStep.components">
            <summary>
            Required designer variable.
            </summary>
        </member>
        <member name="M:LabSOM2D.Forms.frmChangeStep.Dispose(System.Boolean)">
            <summary>
            Clean up any resources being used.
            </summary>
            <param name="disposing">true if managed resources should be disposed; otherwise, false.</param>
        </member>
        <member name="M:LabSOM2D.Forms.frmChangeStep.InitializeComponent">
            <summary>
            Required method for Designer support - do not modify
            the contents of this method with the code editor.
            </summary>
        </member>
        <member name="M:LabSOM2D.Forms.frmClassificationEvaluation.#ctor">
            <summary>
            Constructor
            </summary>
        </member>
        <member name="M:LabSOM2D.Forms.frmClassificationEvaluation.#ctor(System.Collections.ArrayList)">
            <summary>
            Constructor
            </summary>
            <param name="param">Datos con las clases reales en la primera columna y clustering en la ultima</param>
        </member>
        <member name="M:LabSOM2D.Forms.frmClassificationEvaluation.fillClasses">
            <summary>
            Calculos
            </summary>
        </member>
        <member name="M:LabSOM2D.Forms.frmClassificationEvaluation.makePreview">
            <summary>
            Data
            </summary>
        </member>
        <member name="M:LabSOM2D.Forms.frmClassificationEvaluation.viewMatrix">
            <summary>
            View confusion matrix
            </summary>
        </member>
        <member name="F:LabSOM2D.Forms.frmClassificationEvaluation.components">
            <summary>
            Required designer variable.
            </summary>
        </member>
        <member name="M:LabSOM2D.Forms.frmClassificationEvaluation.Dispose(System.Boolean)">
            <summary>
            Clean up any resources being used.
            </summary>
            <param name="disposing">true if managed resources should be disposed; otherwise, false.</param>
        </member>
        <member name="M:LabSOM2D.Forms.frmClassificationEvaluation.InitializeComponent">
            <summary>
            Required method for Designer support - do not modify
            the contents of this method with the code editor.
            </summary>
        </member>
        <member name="F:LabSOM2D.Forms.FrmDataImporter.components">
            <summary>
            Required designer variable.
            </summary>
        </member>
        <member name="M:LabSOM2D.Forms.FrmDataImporter.Dispose(System.Boolean)">
            <summary>
            Clean up any resources being used.
            </summary>
            <param name="disposing">true if managed resources should be disposed; otherwise, false.</param>
        </member>
        <member name="M:LabSOM2D.Forms.FrmDataImporter.InitializeComponent">
            <summary>
            Required method for Designer support - do not modify
            the contents of this method with the code editor.
            </summary>
        </member>
        <member name="F:LabSOM2D.Forms.frmDistanceArgsLInfinito.components">
            <summary>
            Required designer variable.
            </summary>
        </member>
        <member name="M:LabSOM2D.Forms.frmDistanceArgsLInfinito.Dispose(System.Boolean)">
            <summary>
            Clean up any resources being used.
            </summary>
            <param name="disposing">true if managed resources should be disposed; otherwise, false.</param>
        </member>
        <member name="M:LabSOM2D.Forms.frmDistanceArgsLInfinito.InitializeComponent">
            <summary>
            Required method for Designer support - do not modify
            the contents of this method with the code editor.
            </summary>
        </member>
        <member name="F:LabSOM2D.Forms.frmIBatchParams.components">
            <summary>
            Required designer variable.
            </summary>
        </member>
        <member name="M:LabSOM2D.Forms.frmIBatchParams.Dispose(System.Boolean)">
            <summary>
            Clean up any resources being used.
            </summary>
            <param name="disposing">true if managed resources should be disposed; otherwise, false.</param>
        </member>
        <member name="M:LabSOM2D.Forms.frmIBatchParams.InitializeComponent">
            <summary>
            Required method for Designer support - do not modify
            the contents of this method with the code editor.
            </summary>
        </member>
        <member name="F:LabSOM2D.Forms.frmMapPopUp.components">
            <summary>
            Required designer variable.
            </summary>
        </member>
        <member name="M:LabSOM2D.Forms.frmMapPopUp.Dispose(System.Boolean)">
            <summary>
            Clean up any resources being used.
            </summary>
            <param name="disposing">true if managed resources should be disposed; otherwise, false.</param>
        </member>
        <member name="M:LabSOM2D.Forms.frmMapPopUp.InitializeComponent">
            <summary>
            Required method for Designer support - do not modify
            the contents of this method with the code editor.
            </summary>
        </member>
        <member name="M:LabSOM2D.Forms.frmMultiTemporalExtraction.readFilePreview">
            <summary>
            Lee las primeras 10 lineas del archivo 
            </summary>
            <param name="fileName"></param>
        </member>
        <member name="M:LabSOM2D.Forms.frmMultiTemporalExtraction.findMinMaxYear">
            <summary>
            Read the entire file to find the max and min year
            </summary>
        </member>
        <member name="F:LabSOM2D.Forms.frmMultiTemporalExtraction.components">
            <summary>
            Required designer variable.
            </summary>
        </member>
        <member name="M:LabSOM2D.Forms.frmMultiTemporalExtraction.Dispose(System.Boolean)">
            <summary>
            Clean up any resources being used.
            </summary>
            <param name="disposing">true if managed resources should be disposed; otherwise, false.</param>
        </member>
        <member name="M:LabSOM2D.Forms.frmMultiTemporalExtraction.InitializeComponent">
            <summary>
            Required method for Designer support - do not modify
            the contents of this method with the code editor.
            </summary>
        </member>
        <member name="T:LabSOM2D.Forms.frmNeuronProperties">
            <summary>
            
            </summary>
        </member>
        <member name="M:LabSOM2D.Forms.frmNeuronProperties.#ctor">
            <summary>
            Deafault Constructor
            </summary>
        </member>
        <member name="F:LabSOM2D.Forms.frmNeuronProperties.components">
            <summary>
            Required designer variable.
            </summary>
        </member>
        <member name="M:LabSOM2D.Forms.frmNeuronProperties.Dispose(System.Boolean)">
            <summary>
            Clean up any resources being used.
            </summary>
            <param name="disposing">true if managed resources should be disposed; otherwise, false.</param>
        </member>
        <member name="M:LabSOM2D.Forms.frmNeuronProperties.InitializeComponent">
            <summary>
            Required method for Designer support - do not modify
            the contents of this method with the code editor.
            </summary>
        </member>
        <member name="T:LabSOM2D.Forms.frmParametersSOM">
            <summary>
            Descripción breve de ParemetersSOM.
            </summary>
        </member>
        <member name="M:LabSOM2D.Forms.frmParametersSOM.Dispose(System.Boolean)">
            <summary>
            Limpiar los recursos que se estén utilizando.
            </summary>
        </member>
        <member name="M:LabSOM2D.Forms.frmParametersSOM.InitializeComponent">
            <summary>
            Método necesario para admitir el Diseñador. No se puede modificar
            el contenido del método con el editor de código.
            </summary>
        </member>
        <member name="F:LabSOM2D.Forms.frmPesosRanking.components">
            <summary>
            Required designer variable.
            </summary>
        </member>
        <member name="M:LabSOM2D.Forms.frmPesosRanking.Dispose(System.Boolean)">
            <summary>
            Clean up any resources being used.
            </summary>
            <param name="disposing">true if managed resources should be disposed; otherwise, false.</param>
        </member>
        <member name="M:LabSOM2D.Forms.frmPesosRanking.InitializeComponent">
            <summary>
            Required method for Designer support - do not modify
            the contents of this method with the code editor.
            </summary>
        </member>
        <member name="M:LabSOM2D.Forms.frmRadarChart.addSerie(System.String,System.Double[],System.String[],System.Int32[],System.Int32)">
            <summary>
            Los nombres deben los mismo en cada llamada
            </summary>
            <param name="name"></param>
            <param name="values"></param>
            <param name="names"></param>
            <param name="color">Color (RGB)</param>
            <param name="opacity">Opacidad (1-255)</param>
        </member>
        <member name="M:LabSOM2D.Forms.frmRadarChart.addSeries(System.Collections.ArrayList,System.Collections.ArrayList,System.String[],System.Collections.ArrayList)">
            <summary>
            Agrega las series
            </summary>
            <param name="dataLabelsP">Lista de strings</param>
            <param name="dataValuesP">lista de double[]</param>
            <param name="xLabelsP">Lista de strings</param>
            <param name="coloresP">Lista de colores RGB</param>
        </member>
        <member name="F:LabSOM2D.Forms.frmRadarChart.components">
            <summary>
            Required designer variable.
            </summary>
        </member>
        <member name="M:LabSOM2D.Forms.frmRadarChart.Dispose(System.Boolean)">
            <summary>
            Clean up any resources being used.
            </summary>
            <param name="disposing">true if managed resources should be disposed; otherwise, false.</param>
        </member>
        <member name="M:LabSOM2D.Forms.frmRadarChart.InitializeComponent">
            <summary>
            Required method for Designer support - do not modify
            the contents of this method with the code editor.
            </summary>
        </member>
        <member name="T:LabSOM2D.Forms.frmSeleccionCoordenadas">
            <summary>
            Summary description for selectCoord.
            </summary>
        </member>
        <member name="F:LabSOM2D.Forms.frmSeleccionCoordenadas.components">
            <summary>
            Required designer variable.
            </summary>
        </member>
        <member name="M:LabSOM2D.Forms.frmSeleccionCoordenadas.Dispose(System.Boolean)">
            <summary>
            Clean up any resources being used.
            </summary>
        </member>
        <member name="M:LabSOM2D.Forms.frmSeleccionCoordenadas.InitializeComponent">
            <summary>
            Required method for Designer support - do not modify
            the contents of this method with the code editor.
            </summary>
        </member>
        <member name="T:LabSOM2D.Forms.frmYearLabelGenerator">
            <summary>
            Form to generate label sets od temporal data
            </summary>
        </member>
        <member name="M:LabSOM2D.Forms.frmYearLabelGenerator.#ctor">
            <summary>
            Constructor
            </summary>
        </member>
        <member name="M:LabSOM2D.Forms.frmYearLabelGenerator.#ctor(SOM.NET.SharedData,ComponentesGraficosWPF.Labels.MapedLabels)">
            <summary>
            Construcor
            </summary>
            <param name="sd">Datos sobre la red compartidos a lo largo de labsom</param>
            <param name="mapedLabels_">Instancia que almacena las etiquetas mapeadas hasta el momento</param>
        </member>
        <member name="M:LabSOM2D.Forms.frmYearLabelGenerator.Instance(SOM.NET.SharedData,ComponentesGraficosWPF.Labels.MapedLabels)">
            <summary>
            
            </summary>
            <param name="sd">Datos sobre la red compartidos a lo largo de labsom</param>
            <param name="mapedLabels_">Instancia que almacena las etiquetas mapeadas hasta el momento</param>
            <returns></returns>
        </member>
        <member name="M:LabSOM2D.Forms.frmYearLabelGenerator.findYearsAndUnits">
            <summary>
            It is assumed that years label are separated with "_"
            </summary>
        </member>
        <member name="M:LabSOM2D.Forms.frmYearLabelGenerator.getLabelSets">
            <summary>
            Returns the just mapped data labels
            </summary>
            <returns>The mappend labels in the SOM</returns>
        </member>
        <member name="M:LabSOM2D.Forms.frmYearLabelGenerator.mapSelectedItem(System.String)">
            <summary>
            Map in the neural network the rows that contains the given item
            </summary>
            <param name="selectedItem">Selected item to map</param>
        </member>
        <member name="F:LabSOM2D.Forms.frmYearLabelGenerator.components">
            <summary>
            Required designer variable.
            </summary>
        </member>
        <member name="M:LabSOM2D.Forms.frmYearLabelGenerator.Dispose(System.Boolean)">
            <summary>
            Clean up any resources being used.
            </summary>
            <param name="disposing">true if managed resources should be disposed; otherwise, false.</param>
        </member>
        <member name="M:LabSOM2D.Forms.frmYearLabelGenerator.InitializeComponent">
            <summary>
            Required method for Designer support - do not modify
            the contents of this method with the code editor.
            </summary>
        </member>
        <member name="F:LabSOM2D.Forms.frmNClusters.components">
            <summary>
            Required designer variable.
            </summary>
        </member>
        <member name="M:LabSOM2D.Forms.frmNClusters.Dispose(System.Boolean)">
            <summary>
            Clean up any resources being used.
            </summary>
            <param name="disposing">true if managed resources should be disposed; otherwise, false.</param>
        </member>
        <member name="M:LabSOM2D.Forms.frmNClusters.InitializeComponent">
            <summary>
            Required method for Designer support - do not modify
            the contents of this method with the code editor.
            </summary>
        </member>
        <member name="F:LabSOM2D.Forms.frmSOM.components">
            <summary>
            Required designer variable.
            </summary>
        </member>
        <member name="M:LabSOM2D.Forms.frmSOM.Dispose(System.Boolean)">
            <summary>
            Clean up any resources being used.
            </summary>
            <param name="disposing">true if managed resources should be disposed; otherwise, false.</param>
        </member>
        <member name="M:LabSOM2D.Forms.frmSOM.InitializeComponent">
            <summary>
            Required method for Designer support - do not modify
            the contents of this method with the code editor.
            </summary>
        </member>
        <member name="F:LabSOM2D.Forms.frmPointsSin3D.components">
            <summary>
            Required designer variable.
            </summary>
        </member>
        <member name="M:LabSOM2D.Forms.frmPointsSin3D.Dispose(System.Boolean)">
            <summary>
            Clean up any resources being used.
            </summary>
            <param name="disposing">true if managed resources should be disposed; otherwise, false.</param>
        </member>
        <member name="M:LabSOM2D.Forms.frmPointsSin3D.InitializeComponent">
            <summary>
            Required method for Designer support - do not modify
            the contents of this method with the code editor.
            </summary>
        </member>
        <member name="F:LabSOM2D.Form1.components">
            <summary>
            Required designer variable.
            </summary>
        </member>
        <member name="M:LabSOM2D.Form1.Dispose(System.Boolean)">
            <summary>
            Clean up any resources being used.
            </summary>
            <param name="disposing">true if managed resources should be disposed; otherwise, false.</param>
        </member>
        <member name="M:LabSOM2D.Form1.InitializeComponent">
            <summary>
            Required method for Designer support - do not modify
            the contents of this method with the code editor.
            </summary>
        </member>
        <member name="T:LabSOM2D.frmLabSOM2D">
            <summary>
            The main winform
            </summary>
        </member>
        <member name="M:LabSOM2D.frmLabSOM2D.#ctor(System.String)">
            <summary>
            Initializes a new instance of the <see cref="T:LabSOM2D.frmLabSOM2D"/> class.
            </summary>
        </member>
        <member name="M:LabSOM2D.frmLabSOM2D.#ctor">
            <summary>
            Initializes a new instance of the <see cref="T:LabSOM2D.frmLabSOM2D"/> class.
            </summary>
        </member>
        <member name="M:LabSOM2D.frmLabSOM2D.exitToolStripMenuItem_Click(System.Object,System.EventArgs)">
            <summary>
            Handles the Click event of the exitToolStripMenuItem control.
            </summary>
            <param name="sender">The source of the event.</param>
            <param name="e">The <see cref="T:System.EventArgs"/> instance containing the event data.</param>
        </member>
        <member name="M:LabSOM2D.frmLabSOM2D.sin3DToolStripMenuItem_Click(System.Object,System.EventArgs)">
            <summary>
            Handles the Click event of the sin3DToolStripMenuItem control.
            </summary>
            <param name="sender">The source of the event.</param>
            <param name="e">The <see cref="T:System.EventArgs"/> instance containing the event data.</param>
        </member>
        <member name="M:LabSOM2D.frmLabSOM2D.savePointsToolStripMenuItem_Click(System.Object,System.EventArgs)">
            <summary>
            Handles the Click event of the savePointsToolStripMenuItem control.
            </summary>
            <param name="sender">The source of the event.</param>
            <param name="e">The <see cref="T:System.EventArgs"/> instance containing the event data.</param>
        </member>
        <member name="M:LabSOM2D.frmLabSOM2D.data2DOr3DToolStripMenuItem_Click(System.Object,System.EventArgs)">
            <summary>
            Handles the Click event of the data2DOr3DToolStripMenuItem control.
            </summary>
            <param name="sender">The source of the event.</param>
            <param name="e">The <see cref="T:System.EventArgs"/> instance containing the event data.</param>
        </member>
        <member name="M:LabSOM2D.frmLabSOM2D.aboutToolStripMenuItem_Click(System.Object,System.EventArgs)">
            <summary>
            Handles the Click event of the aboutToolStripMenuItem control.
            </summary>
            <param name="sender">The source of the event.</param>
            <param name="e">The <see cref="T:System.EventArgs"/> instance containing the event data.</param>
        </member>
        <member name="M:LabSOM2D.frmLabSOM2D.addTab(System.String,System.Double[][],System.String[],System.String[])">
            <summary>
            Adds a new tab.
            </summary>
        </member>
        <member name="M:LabSOM2D.frmLabSOM2D.addTab">
            <summary>
            Adds a new tab.
            </summary>
        </member>
        <member name="M:LabSOM2D.frmLabSOM2D.addTab(System.String)">
            <summary>
            Adds a new tab.
            </summary>
        </member>
        <member name="M:LabSOM2D.frmLabSOM2D.addTabToolStripMenuItem_Click(System.Object,System.EventArgs)">
            <summary>
            Handles the Click event of the addTabToolStripMenuItem control.
            </summary>
            <param name="sender">The source of the event.</param>
            <param name="e">The <see cref="T:System.EventArgs"/> instance containing the event data.</param>
        </member>
        <member name="M:LabSOM2D.frmLabSOM2D.removeTabToolStripMenuItem_Click(System.Object,System.EventArgs)">
            <summary>
            Handles the Click event of the removeTabToolStripMenuItem control.
            </summary>
            <param name="sender">The source of the event.</param>
            <param name="e">The <see cref="T:System.EventArgs"/> instance containing the event data.</param>
        </member>
        <member name="M:LabSOM2D.frmLabSOM2D.tabControl1_SelectedIndexChanged(System.Object,System.EventArgs)">
            <summary>
            Handles the SelectedIndexChanged event of the tabControl1 control.
            </summary>
            <param name="sender">The source of the event.</param>
            <param name="e">The <see cref="T:System.EventArgs"/> instance containing the event data.</param>
        </member>
        <member name="M:LabSOM2D.frmLabSOM2D.saveProject(System.String)">
            <summary>
            Saves the project.
            </summary>
            <param name="fileName">Name of the file.</param>
        </member>
        <member name="M:LabSOM2D.frmLabSOM2D.openProject(System.String)">
            <summary>
            Opens the project.
            </summary>
            <param name="fileName">Name of the file.</param>
        </member>
        <member name="M:LabSOM2D.frmLabSOM2D.openProjectBydoubleClicStatUp(System.String)">
            <summary>
            Opens the project.
            </summary>
            <param name="fileName">Name of the file.</param>
        </member>
        <member name="M:LabSOM2D.frmLabSOM2D.projectToolStripMenuItem_Click(System.Object,System.EventArgs)">
            <summary>
            Handles the Click event of the projectToolStripMenuItem control.
            </summary>
            <param name="sender">The source of the event.</param>
            <param name="e">The <see cref="T:System.EventArgs"/> instance containing the event data.</param>
        </member>
        <member name="M:LabSOM2D.frmLabSOM2D.projectToolStripMenuItem1_Click(System.Object,System.EventArgs)">
            <summary>
            Handles the Click event of the projectToolStripMenuItem1 control.
            </summary>
            <param name="sender">The source of the event.</param>
            <param name="e">The <see cref="T:System.EventArgs"/> instance containing the event data.</param>
        </member>
        <member name="M:LabSOM2D.frmLabSOM2D.sOMToolStripMenuItem_Click(System.Object,System.EventArgs)">
            <summary>
            Handles the Click event of the sOMToolStripMenuItem control.
            </summary>
            <param name="sender">The source of the event.</param>
            <param name="e">The <see cref="T:System.EventArgs"/> instance containing the event data.</param>
        </member>
        <member name="M:LabSOM2D.frmLabSOM2D.errorsToolStripMenuItem_Click(System.Object,System.EventArgs)">
            <summary>
            Handles the Click event of the errorsToolStripMenuItem control.
            </summary>
            <param name="sender">The source of the event.</param>
            <param name="e">The <see cref="T:System.EventArgs"/> instance containing the event data.</param>
        </member>
        <member name="M:LabSOM2D.frmLabSOM2D.matrizToolStripMenuItem_Click(System.Object,System.EventArgs)">
            <summary>
            Handles the Click event of the matrizToolStripMenuItem control.
            </summary>
            <param name="sender">The source of the event.</param>
            <param name="e">The <see cref="T:System.EventArgs"/> instance containing the event data.</param>
        </member>
        <member name="M:LabSOM2D.frmLabSOM2D.trainingReportSpanishToolStripMenuItem_Click(System.Object,System.EventArgs)">
            <summary>
            Handles the Click event of the trainingReportSpanishToolStripMenuItem control.
            </summary>
            <param name="sender">The source of the event.</param>
            <param name="e">The <see cref="T:System.EventArgs"/> instance containing the event data.</param>
        </member>
        <member name="M:LabSOM2D.frmLabSOM2D.NclustersToolStripMenuItem_Click(System.Object,System.EventArgs)">
            <summary>
            Handles the Click event of the onTorusSpheresToolStripMenuItem control.
            </summary>
            <param name="sender">The source of the event.</param>
            <param name="e">The <see cref="T:System.EventArgs"/> instance containing the event data.</param>
        </member>
        <member name="M:LabSOM2D.frmLabSOM2D.openVectorsToolStripMenuItem1_Click(System.Object,System.EventArgs)">
            <summary>
            Handles the Click event of the openVectorsToolStripMenuItem1 menu tool strip.
            </summary>
            <param name="sender">The source of the event.</param>
            <param name="e">The <see cref="T:System.EventArgs"/> instance containing the event data.</param>
        </member>
        <member name="M:LabSOM2D.frmLabSOM2D.genToolStripMenuItem_Click(System.Object,System.EventArgs)">
            <summary>
            Genera numeros binarios de hasta 7 cifras 
            </summary>
            <param name="sender"></param>
            <param name="e"></param>
        </member>
        <member name="F:LabSOM2D.frmLabSOM2D.components">
            <summary>
            Required designer variable.
            </summary>
        </member>
        <member name="M:LabSOM2D.frmLabSOM2D.Dispose(System.Boolean)">
            <summary>
            Clean up any resources being used.
            </summary>
            <param name="disposing">true if managed resources should be disposed; otherwise, false.</param>
        </member>
        <member name="M:LabSOM2D.frmLabSOM2D.InitializeComponent">
            <summary>
            Required method for Designer support - do not modify
            the contents of this method with the code editor.
            </summary>
        </member>
        <member name="T:LabSOM2D.projectSOM">
            <summary>
            The class for saving the project
            </summary>
        </member>
        <member name="M:LabSOM2D.projectSOM.#ctor(System.String,System.Int32)">
            <summary>
            Initializes a new instance of the <see cref="T:LabSOM2D.projectSOM"/> class.
            </summary>
        </member>
        <member name="T:LabSOM2D.tabProject">
            <summary>
            The class for saving the project
            </summary>
        </member>
        <member name="F:LabSOM2D.tabProject.sharedData">
            <summary>
            The Net
            </summary>
        </member>
        <member name="P:LabSOM2D.tabProject.SharedData">
            <summary>
            The Net
            </summary>
            <value>The net.</value>
        </member>
        <member name="F:LabSOM2D.tabProject.somTrainer">
            <summary>
            The Trainer class
            </summary>
        </member>
        <member name="P:LabSOM2D.tabProject.SOMTrainer">
            <summary>
            The Trainer class
            </summary>
            <value>The SOM trainer.</value>
        </member>
        <member name="P:LabSOM2D.tabProject.Maps">
            <summary>
            
            </summary>
        </member>
        <member name="M:LabSOM2D.Program.Main(System.String[])">
            <summary>
            The main entry point for the application.
            </summary>
        </member>
        <member name="T:LabSOM2D.Util.dataGenerator">
            <summary>
            Por el momento solo genera puntos en 2 y 3 dimensiones
            </summary>
        </member>
        <member name="M:LabSOM2D.Util.dataGenerator.generaPuntosCuadro(System.Int32,System.Double,System.Int32)">
            <summary>
            Genra puntos aleatoriamente en un cuadro con una distrib´ción uniforme
            </summary>
            <param name="points">El numero de puntos a generar</param>
            <param name="scale">La escala</param>
            <param name="pointsDimension">Dimensiones de los puntos</param>
            <returns>El arreglo de puntos</returns>
        </member>
        <member name="M:LabSOM2D.Util.dataGenerator.generateGridPoints(System.Double)">
            <summary>
            Genera un grid de puntos
            </summary>
            <param name="size">El tamaño del grid</param>
            <returns>El arreglo de puntos</returns>
        </member>
        <member name="M:LabSOM2D.Util.dataGenerator.generate3DGridPoints(System.Double)">
            <summary>
            Genera un grid de puntos
            </summary>
            <param name="size">El tamaño del grid</param>
            <returns>El arreglo de puntos</returns>
        </member>
        <member name="M:LabSOM2D.Util.dataGenerator.generaClusters2D(System.Int32,System.Double,System.Int32,System.Double)">
            <summary>
            Genera clusters en 2D en posiciones aleatoreas y de tamaños aleatores.
            </summary>
            <param name="points">El numero de puntos por cluster</param>
            <param name="rmax">el radio máximo de los clusters</param>
            <param name="numClusters">el numero de clustrs</param>
            <returns>El arreglo de puntos</returns>
        </member>
        <member name="M:LabSOM2D.Util.dataGenerator.generaClusters3d(System.Int32,System.Double,System.Int32,System.Double)">
            <summary>
            Genera clusters en 3D en posiciones aleatoreas y de tamaños aleatores. Los puntos se generan en el interior de una esfera.
            </summary>
            <param name="points">El numero de puntos por cluster</param>
            <param name="rmax">el radio máximo de los clusters</param>
            <param name="numClusters">el numero de clustrs</param>
            <returns>El arreglo de puntos</returns>
        </member>
        <member name="M:LabSOM2D.Util.dataGenerator.generaClustersNd(System.Int32,System.Double,System.Int32,System.Double,System.Int32)">
            <summary>
            Genera clusters en 3D en posiciones aleatoreas y de tamaños aleatores. Los puntos se generan en el interior de una esfera.
            </summary>
            <param name="points">El numero de puntos por cluster</param>
            <param name="rmax">el radio máximo de los clusters</param>
            <param name="numClusters">el numero de clustrs</param>
            <returns>El arreglo de puntos</returns>
        </member>
        <member name="M:LabSOM2D.Util.dataGenerator.generaClusters3dSuperficieEsferas(System.Int32,System.Double,System.Int32,System.Double)">
            <summary>
            Genera clusters en 3D en posiciones aleatoreas y de tamaños aleatores.
            </summary>
            <param name="points">El numero de puntos por cluster</param>
            <param name="rmax">el radio máximo de los clusters</param>
            <param name="numClusters">el numero de clustrs</param>
            <returns>El arreglo de puntos</returns>
        </member>
        <member name="M:LabSOM2D.Util.dataGenerator.generatePointsCircle(System.Int32,System.Double,System.Double[])">
            <summary>
            Genera puntos en 2D en un circulo
            </summary>
            <param name="points">El numero de puntos</param>
            <param name="radio">El radio del circulo</param>
            <param name="origen">El origen del circulo</param>
            <returns>El arreglo de puntos</returns>
        </member>
        <member name="M:LabSOM2D.Util.dataGenerator.generatePointsCircle3d(System.Int32,System.Double,System.Double[])">
            <summary>
            Genera puntos en 3D en un circulo
            </summary>
            <param name="points">El numero de puntos</param>
            <param name="radio">El radio del circulo</param>
            <param name="origen">El origen del circulo</param>
            <returns>El arreglo de puntos</returns>
        </member>
        <member name="M:LabSOM2D.Util.dataGenerator.toroidalPoints3d(System.Double,System.Double,System.Int32)">
            <summary>
            Genera un conjunto de puntos en una region toroidal en el espacio mediante la siguiente paremetrizacion
            x(u,v)=(a + b*cos(v))*cos(u)
            y(u,v)=(a + b*cos(v))*sin(u)
            z(u,,v)=b*sin(v)
            </summary>
            <param name="points">El numero de puntos</param>
            <param name="a">El parametro a</param>
            <param name="b">El parametro b</param>   
        </member>
        <member name="M:LabSOM2D.Util.dataGenerator.toroidalPoints3d(System.Collections.ArrayList,SOM.Util.CVector,System.Double,System.Double,System.Int32)">
            <summary>
            Genera un conjunto de puntos en una region toroidal en el espacio mediante la siguiente paremetrizacion
            x(u,v)=(a + b*cos(v))*cos(u)
            y(u,v)=(a + b*cos(v))*sin(u)
            z(u,,v)=b*sin(v)
            </summary>
            <param name="points">El numero de puntos</param>
            <param name="a">El parametro a</param>
            <param name="b">El parametro b</param>   
        </member>
        <member name="M:LabSOM2D.Util.dataGenerator.toroidalPoints3d2(System.Double,System.Double,System.Int32)">
            <summary>
            Genera puntos en la superficie de dos toros entrelazados
            </summary>
            <param name="a"></param>
            <param name="b"></param>
            <param name="points"></param>
            <returns></returns>
        </member>
        <member name="M:LabSOM2D.Util.dataGenerator.toroidalPoints2d(System.Double,System.Double,System.Int32)">
            <summary>
            Genera puntos en una dona
            </summary>
            <param name="a"></param>
            <param name="b"></param>
            <param name="points"></param>
            <returns></returns>
        </member>
        <member name="M:LabSOM2D.Util.dataGenerator.moebius(System.Double,System.Double,System.Int32)">
            <summary>
            Genera un conjunto de puntos en la superficie de una banda de moebius usando la siguiente parametrizacion
             x(s,t)=(b + s*cos(t/2))cos t
            y(s,t)=(b + s*cos(t/2))sen t
            z(s,t)=s*sin(t/2)    
            </summary>
            <param name="a"></param>
            <param name="b"></param>
            <param name="points"></param>
        </member>
        <member name="M:LabSOM2D.Util.dataGenerator.Sin3d(System.Int32)">
            <summary>
            Genera puntos en una superficie senoidal
            </summary>
            <param name="points"></param>
            <returns></returns>
        </member>
        <member name="M:LabSOM2D.Util.dataGenerator.sphere(System.Double,System.Int32)">
            <summary>
            Genera puntos en la superficie de una esfera
            </summary>
            <param name="position">Posicion de la esfera</param>
            <param name="radio">Radio de la esfera</param>
        </member>
        <member name="M:LabSOM2D.Util.dataGenerator.sphere(System.Int32,SOM.Util.CVector,System.Double)">
            <summary>
            Genera puntos sobre la superficie de una esfera
            </summary>
            <param name="points"></param>
            <param name="position"></param>
            <param name="radio"></param>
            <returns></returns>
        </member>
        <member name="M:LabSOM2D.Util.dataGenerator.sphere(System.Collections.ArrayList,System.Int32,SOM.Util.CVector,System.Double)">
            <summary>
            Genera puntos sobre la superficie de una esfera
            </summary>
            <param name="points"></param>
            <param name="position"></param>
            <param name="radio"></param>
            <returns></returns>
        </member>
        <member name="M:LabSOM2D.Util.dataGenerator.revuelve(System.Collections.ArrayList)">
            <summary>
            Pasa los puntos al arreglo para ser presentado a la red neuronal, pero los revuelve.
            La manera que opera es la siguiente: Se genera un numero entero
            aleatorio que es menor o igual a la longitud del arraylist, para meter el elemento que esta en 
            esa pocision al arreglo X. Se elimina ese elemento del arraylis. Esto se repite hasta que ya no hay
             elementos en el arraylist
            </summary>
            <param name="p"></param>
        </member>
        <member name="M:LabSOM2D.Util.dataGenerator.createCebolla(System.Int32,System.Boolean,System.Int32,System.Int32)">
            <summary>
            
            </summary>
            <param name="points"></param>
            <param name="revolver"></param>
            <param name="capas"></param>
            <param name="factorRadio">El factor para calcular el radio de las esferas subsecuentes</param>
            <returns></returns>
        </member>
        <member name="M:LabSOM2D.Util.dataGenerator.createCebolla(System.Int32,System.Boolean,System.Int32,System.Int32,System.Int32)">
            <summary>
            
            </summary>
            <param name="points"></param>
            <param name="revolver"></param>
            <param name="capas"></param>
            <param name="factorRadio">El factor para calcular el radio de las esferas subsecuentes</param>
            <returns></returns>
        </member>
        <member name="T:LabSOM2D.Util.NumeroLetraConverter">
            <summary>
            Summary description for NumeroLetraConverter.
            </summary>
        </member>
        <member name="T:LabSOM2D.Util.ReadFile">
            <summary>
            Summary description for ReadFile.
            </summary>
        </member>
        <member name="M:LabSOM2D.Util.ReadFile.read(System.String)">
            <summary>
            Lee un archivo y lo devuelve como un string
            </summary>
            <param name="fileName"></param>
            <returns></returns>
        </member>
        <member name="M:LabSOM2D.Util.ReadFile.readM(System.String)">
            <summary>
            Lee la matriz de datos de entrenamiento
            </summary>
            <param name="fileName"></param>
            <returns></returns>
        </member>
        <member name="M:LabSOM2D.Util.ReadFile.readTrainedVectors(System.String)">
            <summary>
            Lee vectores de una red entrenada
            </summary>
            <param name="fileName"></param>
            <returns></returns>
        </member>
        <member name="M:LabSOM2D.Util.ReadFile.readM_ReadToEnd(System.String)">
            <summary>
            Lee la matriz de datos de entrenamiento
            </summary>
            <param name="fileName"></param>
            <returns></returns>
        </member>
        <member name="M:LabSOM2D.Util.ReadFile.readM_ReadToEndIndicators(System.String)">
            <summary>
            Lee la matriz de datos de entrenamiento
            </summary>
            <param name="fileName"></param>
            <returns></returns>
        </member>
        <member name="M:LabSOM2D.Util.ReadFile.readM2(System.String)">
            <summary>
            Lee la matriz de datos de entrenamiento sin las etiquetas
            </summary>
            <param name="fileName"></param>
            <returns></returns>
        </member>
        <member name="M:LabSOM2D.Util.ReadFile.readL(System.String)">
            <summary>
            Lee un archivo que contiene las etiquetas de los datos de entrtenamiento
            </summary>
            <param name="fileName"></param>
            <returns></returns>
        </member>
        <member name="M:LabSOM2D.Util.ReadFile.readLabels(System.String)">
            <summary>
            Lee un archivo que contiene lun conjunto de datos con etiquetas para mapear al som
            </summary>
            <param name="fileName"></param>
            <returns></returns>
        </member>
        <member name="M:LabSOM2D.Util.ReadFile.savePoints(System.String,System.Double[][])">
            <summary>
            Guarda los datos del arreglo bidimensional
            </summary>
            <param name="filename">Nombre del archivo</param>
            <param name="points">Datos</param>
        </member>
        <member name="M:LabSOM2D.Util.ReadFile.savePointsWithLabels(System.String,System.String[][])">
            <summary>
            Guarda los datos del arreglo bidimensional
            </summary>
            <param name="filename">Nombre del archivo</param>
            <param name="points">Datos</param>
        </member>
        <member name="M:LabSOM2D.Util.ReadFile.saveMatriz(System.String,System.Double[][])">
            <summary>
            Salvar matris. Primero estableces las variables labels y dataLabels
            </summary>
            <param name="filename"></param>
            <param name="points"></param>
        </member>
        <member name="M:LabSOM2D.Util.ReadFile.saveData(System.String,System.Collections.ArrayList)">
            <summary>
            Guarda los datos de la lista
            </summary>
            <param name="listaDeArrayListDeArregloDouble">ArrayList de ArrayList con los vectores</param>
        </member>
        <member name="M:LabSOM2D.Util.ReadFile.readM_SNNSData(System.String)">
            <summary>
            Lee la matriz de datos de entrenamiento en el formato SNNS
            </summary>
            <param name="fileName"></param>
            <returns></returns>
        </member>
        <member name="M:LabSOM2D.Util.ReadFile.readM_SNNSData_WithOutput(System.String)">
            <summary>
            Lee la matriz de datos de entrenamiento en el formato SNNS
            </summary>
            <param name="fileName"></param>
            <returns></returns>
        </member>
        <member name="M:LabSOM2D.Util.ReadFile.readM_SNNSData_WithOutput_451_clases(System.String)">
            <summary>
            Lee la matriz de datos de entrenamiento en el formato SNNS
            </summary>
            <param name="fileName">File name</param>
        </member>
        <member name="M:LabSOM2D.Util.ReadFile.saveConvertedSNNSWithOutput(System.String,System.Double[][],System.Int32,System.Int32,System.Int32)">
            <summary>
            Guarda los datos del arreglo bidimensional
            </summary>
            <param name="filename">Nombre del archivo</param>
            <param name="points">Datos</param>
        </member>
        <member name="M:LabSOM2D.Util.ReadFile.saveConvertedSNNSWithOutOutput(System.String,System.Double[][],System.Int32,System.Int32)">
            <summary>
            Guarda los datos del arreglo bidimensional
            </summary>
            <param name="filename">Nombre del archivo</param>
            <param name="points">Datos</param>
        </member>
        <member name="T:LabSOM2D.Util.ReadSavePoints">
            <summary>
            Descripción breve de ReadSavePoints.
            </summary>
        </member>
        <member name="M:LabSOM2D.Util.ReadSavePoints.saveVectors(System.String,System.Double[][0:,0:],System.Int32,System.Int32,System.String[])">
            <summary>
            Guarda los datos del arreglo bidimensional
            </summary>
            <param name="filename">Nombre del archivo</param>
            <param name="points">Datos</param>
        </member>
        <member name="M:LabSOM2D.Util.ReadSavePoints.savePoints(System.String,System.Double[][])">
            <summary>
            Guarda los datos del arreglo bidimensional
            </summary>
            <param name="filename">Nombre del archivo</param>
            <param name="points">Datos</param>
        </member>
        <member name="F:LabSOM2D.Util.R_Radar.instancia">
            <summary>
            Garantiza una sola instancia.
            </summary>
        </member>
        <member name="M:LabSOM2D.Util.R_Radar.#ctor(System.String[])">
            <summary>
            List of imports
            </summary>
            <param name="imports"></param>
        </member>
        <member name="T:LabSOM2D.Properties.Resources">
            <summary>
              A strongly-typed resource class, for looking up localized strings, etc.
            </summary>
        </member>
        <member name="P:LabSOM2D.Properties.Resources.ResourceManager">
            <summary>
              Returns the cached ResourceManager instance used by this class.
            </summary>
        </member>
        <member name="P:LabSOM2D.Properties.Resources.Culture">
            <summary>
              Overrides the current thread's CurrentUICulture property for all
              resource lookups using this strongly typed resource class.
            </summary>
        </member>
        <member name="P:LabSOM2D.Properties.Resources.Adel">
            <summary>
              Looks up a localized resource of type System.Drawing.Bitmap.
            </summary>
        </member>
        <member name="P:LabSOM2D.Properties.Resources.Adel2">
            <summary>
              Looks up a localized resource of type System.Drawing.Bitmap.
            </summary>
        </member>
        <member name="P:LabSOM2D.Properties.Resources.arrow_forward">
            <summary>
              Looks up a localized resource of type System.Drawing.Bitmap.
            </summary>
        </member>
        <member name="P:LabSOM2D.Properties.Resources.file">
            <summary>
              Looks up a localized resource of type System.Drawing.Bitmap.
            </summary>
        </member>
        <member name="P:LabSOM2D.Properties.Resources.Icon">
            <summary>
              Looks up a localized resource of type System.Drawing.Icon similar to (Icon).
            </summary>
        </member>
        <member name="P:LabSOM2D.Properties.Resources.info_16">
            <summary>
              Looks up a localized resource of type System.Drawing.Bitmap.
            </summary>
        </member>
        <member name="P:LabSOM2D.Properties.Resources.LabSOM">
            <summary>
              Looks up a localized resource of type System.Drawing.Bitmap.
            </summary>
        </member>
        <member name="P:LabSOM2D.Properties.Resources.last">
            <summary>
              Looks up a localized resource of type System.Drawing.Bitmap.
            </summary>
        </member>
        <member name="P:LabSOM2D.Properties.Resources.ldnl">
            <summary>
              Looks up a localized resource of type System.Drawing.Bitmap.
            </summary>
        </member>
        <member name="P:LabSOM2D.Properties.Resources.NewDocumentHS">
            <summary>
              Looks up a localized resource of type System.Drawing.Bitmap.
            </summary>
        </member>
        <member name="P:LabSOM2D.Properties.Resources.next">
            <summary>
              Looks up a localized resource of type System.Drawing.Bitmap.
            </summary>
        </member>
        <member name="P:LabSOM2D.Properties.Resources.openHS">
            <summary>
              Looks up a localized resource of type System.Drawing.Bitmap.
            </summary>
        </member>
        <member name="P:LabSOM2D.Properties.Resources.PlayHS">
            <summary>
              Looks up a localized resource of type System.Drawing.Bitmap.
            </summary>
        </member>
        <member name="P:LabSOM2D.Properties.Resources.PrintHS">
            <summary>
              Looks up a localized resource of type System.Drawing.Bitmap.
            </summary>
        </member>
        <member name="P:LabSOM2D.Properties.Resources.saveHS">
            <summary>
              Looks up a localized resource of type System.Drawing.Bitmap.
            </summary>
        </member>
        <member name="P:LabSOM2D.Properties.Resources.settings_16">
            <summary>
              Looks up a localized resource of type System.Drawing.Bitmap.
            </summary>
        </member>
        <member name="P:LabSOM2D.Properties.Resources.StopHS">
            <summary>
              Looks up a localized resource of type System.Drawing.Bitmap.
            </summary>
        </member>
    </members>
</doc>
